{
    "Average document length": 626.0169301376849,
    "Average word length": 9.25441669837854,
    "Total unique words": 228621,
    "Total words": 6138096
}