{
    "indexing_time": 6.096012115478516,
    "avg_collection_lengths": 1040.3125956144825,
    "avg_term_lengths_in_collection": 4.104918716444168,
    "collection_vocabulary_sizes": 337483,
    "collection_frequency_of_terms": 10200265
}