{
    "indexing_time": 8.540054559707642,
    "avg_collection_lengths": 1424.5014788373278,
    "avg_term_lengths_in_collection": 4.3034541993368265,
    "collection_vocabulary_sizes": 374837,
    "collection_frequency_of_terms": 13967237
}