{
    "indexing_time": 8.65649151802063,
    "avg_collection_lengths": 954.5105059159526,
    "avg_term_lengths_in_collection": 4.8798686309661266,
    "collection_vocabulary_sizes": 383327,
    "collection_frequency_of_terms": 9358021
}