{
    "Average document length": 654.0078539371685,
    "Average word length": 8.3906588911298,
    "Total unique words": 210232,
    "Total words": 6411893
}