{"avg_collection_lengths": 626.0799673602611, "avg_term_lengths_in_collection": 9.253988180899599, "collection_vocabulary_sizes": 228613, "collection_frequency_of_terms": 6138088}