{
    "indexing_time": 9.25250506401062,
    "avg_collection_lengths": 641.9440024479804,
    "avg_term_lengths_in_collection": 5.864744380891288,
    "collection_vocabulary_sizes": 207965,
    "collection_frequency_of_terms": 6293619
}