{
    "indexing_time": 0.1929473876953125,
    "avg_collection_lengths": 1633.46,
    "avg_term_lengths_in_collection": 4.6558370860464375,
    "collection_vocabulary_sizes": 21531,
    "collection_frequency_of_terms": 163346
}