{
    "indexing_time": 0.17919015884399414,
    "avg_collection_lengths": 1539.0333333333333,
    "avg_term_lengths_in_collection": 4.557896515126825,
    "collection_vocabulary_sizes": 9365,
    "collection_frequency_of_terms": 46171
}