{
    "indexing_time": 7.158349514007568,
    "avg_collection_lengths": 1342.999286005712,
    "avg_term_lengths_in_collection": 4.8404981704051755,
    "collection_vocabulary_sizes": 426019,
    "collection_frequency_of_terms": 13166765
}