{
    "indexing_time": 0.3896927833557129,
    "avg_collection_lengths": 507.632,
    "avg_term_lengths_in_collection": 4.843022748534005,
    "collection_vocabulary_sizes": 59510,
    "collection_frequency_of_terms": 507632
}