{
    "indexing_time": 0.2741703987121582,
    "avg_collection_lengths": 806.39,
    "avg_term_lengths_in_collection": 4.778273142867051,
    "collection_vocabulary_sizes": 33152,
    "collection_frequency_of_terms": 241917
}