{
    "indexing_time": 0.35506248474121094,
    "avg_collection_lengths": 642.85,
    "avg_term_lengths_in_collection": 4.768265344929543,
    "collection_vocabulary_sizes": 41784,
    "collection_frequency_of_terms": 321425
}