{
    "indexing_time": 0.10999941825866699,
    "avg_collection_lengths": 1031.08,
    "avg_term_lengths_in_collection": 4.386656161256068,
    "collection_vocabulary_sizes": 9039,
    "collection_frequency_of_terms": 51554
}