{
    "indexing_time": 1.9295196533203125,
    "avg_collection_lengths": 607.102,
    "avg_term_lengths_in_collection": 4.8915126033460155,
    "collection_vocabulary_sizes": 152374,
    "collection_frequency_of_terms": 1821306
}